Titulo,Descripcion,Fecha
Elecciones presidenciales,El país se prepara para unas elecciones decisivas con gran participación ciudadana,01/03/2024
Nueva ley de educación,Se aprueba una reforma educativa que promete mejorar la calidad en escuelas públicas,05/03/2024
Descubrimiento científico,Un grupo de investigadores encuentra una nueva partícula subatómica en laboratorio,10/03/2024
Crisis económica,Expertos alertan sobre una recesión inminente en varios sectores del país,12/03/2024
Protestas estudiantiles,Universitarios marchan exigiendo mejores condiciones de infraestructura y becas,15/03/2024
Avance en salud pública,Se lanza una campaña nacional para la vacunación contra enfermedades respiratorias,18/03/2024
Tecnología espacial,La agencia espacial anuncia una misión tripulada a Marte para el año 2030,21/03/2024
Falsas vacunas en redes,Se viraliza información falsa sobre una supuesta vacuna milagrosa,24/03/2024
Cierre de fronteras,El gobierno decide cerrar temporalmente las fronteras por motivos sanitarios,27/03/2024
Proyecto de energía limpia,Se inaugura la planta solar más grande del continente en el norte del país,30/03/2024
